-- phpMyAdmin SQL Dump
-- version 4.9.5
-- https://www.phpmyadmin.net/
--
-- ホスト: mysql640.db.sakura.ne.jp
-- 生成日時: 2022 年 2 月 02 日 10:53
-- サーバのバージョン： 5.7.33-log
-- PHP のバージョン: 7.1.18

SET SQL_MODE = "NO_AUTO_VALUE_ON_ZERO";
SET AUTOCOMMIT = 0;
START TRANSACTION;
SET time_zone = "+00:00";


/*!40101 SET @OLD_CHARACTER_SET_CLIENT=@@CHARACTER_SET_CLIENT */;
/*!40101 SET @OLD_CHARACTER_SET_RESULTS=@@CHARACTER_SET_RESULTS */;
/*!40101 SET @OLD_COLLATION_CONNECTION=@@COLLATION_CONNECTION */;
/*!40101 SET NAMES utf8mb4 */;

--
-- データベース: `fukuiohr2_wasurenai`
--

-- --------------------------------------------------------

--
-- テーブルの構造 `alexa_control`
--

CREATE TABLE `alexa_control` (
  `user_id` int(10) NOT NULL,
  `Alexa_id` varchar(130) DEFAULT NULL,
  `Alexa_check` tinyint(1) DEFAULT '0',
  `outing_flag` tinyint(1) NOT NULL DEFAULT '0',
  `umbrella_flag` tinyint(1) NOT NULL DEFAULT '0',
  `phone_flag` tinyint(1) NOT NULL DEFAULT '0'
) ENGINE=InnoDB DEFAULT CHARSET=utf8mb4;

--
-- テーブルのデータのダンプ `alexa_control`
--

INSERT INTO `alexa_control` (`user_id`, `Alexa_id`, `Alexa_check`, `outing_flag`, `umbrella_flag`, `phone_flag`) VALUES
(4, 'amzn1.ask.person.ALVQI5F6NHYHCSPHCGSGZIMK2WY2PRSR4G6NVYYEKF7DXKPJDBVWGSUGFN4IQLUJP3TJJ6ZZVBBTYYPFWRGBX7M7MJJJFIYJDPNJXS6A', 0, 0, 0, 0),
(7, NULL, 0, 0, 0, 0),
(19, NULL, 0, 0, 0, 0);

-- --------------------------------------------------------

--
-- テーブルの構造 `alexa_coop`
--

CREATE TABLE `alexa_coop` (
  `user_id` int(10) UNSIGNED NOT NULL,
  `pass_id` int(10) UNSIGNED NOT NULL
) ENGINE=InnoDB DEFAULT CHARSET=utf8mb4;

--
-- テーブルのデータのダンプ `alexa_coop`
--

INSERT INTO `alexa_coop` (`user_id`, `pass_id`) VALUES
(1, 111438),
(10, 123456),
(19, 123567),
(18, 125422),
(7, 156522);

-- --------------------------------------------------------

--
-- テーブルの構造 `comment`
--

CREATE TABLE `comment` (
  `family_id` int(10) UNSIGNED NOT NULL,
  `from_id` int(10) UNSIGNED NOT NULL,
  `to_id` int(10) UNSIGNED NOT NULL,
  `comment` varchar(80) DEFAULT NULL,
  `LINE_check` tinyint(1) DEFAULT '0',
  `alert` tinyint(1) NOT NULL DEFAULT '1'
) ENGINE=InnoDB DEFAULT CHARSET=utf8mb4;

--
-- テーブルのデータのダンプ `comment`
--

INSERT INTO `comment` (`family_id`, `from_id`, `to_id`, `comment`, `LINE_check`, `alert`) VALUES
(1, 1, 1, NULL, 1, 0),
(2, 1, 1, NULL, 1, 1),
(1, 1, 4, NULL, 0, 0),
(9, 4, 19, 'ひまわりだー', 0, 1),
(13, 7, 7, 'うるせぇ', 0, 1),
(13, 7, 9, NULL, 0, 1),
(13, 7, 20, NULL, 0, 1),
(9, 19, 4, 'あさがおだー', 0, 1);

-- --------------------------------------------------------

--
-- テーブルの構造 `family`
--

CREATE TABLE `family` (
  `id` int(10) UNSIGNED NOT NULL,
  `name` varchar(80) NOT NULL,
  `pass` varchar(512) NOT NULL
) ENGINE=InnoDB DEFAULT CHARSET=utf8mb4;

--
-- テーブルのデータのダンプ `family`
--

INSERT INTO `family` (`id`, `name`, `pass`) VALUES
(1, 'Noneleave', 'cd0aa9856147b6c5b4ff2b7dfee5da20aa38253099ef1b4a64aced233c9afe29'),
(2, 'kaeru', '3e23e8160039594a33894f6564e1b1348bbd7a0088d42c4acb73eeaed59c009d'),
(3, '焼肉まつもと', '189f40034be7a199f1fa9891668ee3ab6049f82d38c68be70f596eab2e1857b7'),
(4, '馬乃屋', '18ac3e7343f016890c510e93f935261169d9e3f565436429830faf0934f4f8e4'),
(5, '2-74', '3f79bb7b435b05321651daefd374cdc681dc06faa65e374e38337b88ca046dea'),
(6, '2-74', '252f10c83610ebca1a059c0bae8255eba2f95be4d1d7bcfa89d7248a82d9f111'),
(7, '2-74', 'aaa9402664f1a41f40ebbc52c9993eb66aeb366602958fdfaa283b71e64db123'),
(8, '大原グループ', '6ac3c336e4094835293a3fed8a4b5fedde1b5e2626d9838fed50693bba00af0e'),
(9, 'Amatou', '40d6e8891429f92d37ebddeab380f5486ac2794827c2fc33986483a91874075b'),
(10, 'ああああああああああああああああ', '2f521e2a7d0bd812cbc035f4ed6806eb8d851793b04ba147e8f66b72f5d1f20f'),
(12, 'い', 'de7d1b721a1e0632b7cf04edf5032c8ecffa9f9a08492152b926f1a5a7e765d7'),
(13, 'a', 'ca978112ca1bbdcafac231b39a23dc4da786eff8147c4e72b9807785afee48bb'),
(14, 'テスト', '7d65bf3866d5596709c36d407a0fa8b45e8b555fbb5ba9069a01d6151c8b3f0d'),
(16, 'c', '2e7d2c03a9507ae265ecf5b5356885a53393a2029d241394997265a1a25aefc6'),
(17, '大原', 'a8d79f40ddb79de569d778f1c0b832f9cc266b32274b702cff4ba2b8a0dd1549'),
(19, '大原', '85fc17f7069acd39a5c636cd0a6530651096128da447959f5e250824857dc559'),
(20, 'exterm', '52d0f7f9b68cf8a4c67fb1a2291c69a3afaacb5b9d413c297a53fcc358a12a6c'),
(21, 'test', '044345a61af38600ab1171792bce94b7b12ff62fa9b4745905e0431d92c24b19'),
(22, '大原', 'f50c51ed2315dcf3fa88181cf033f8029cac64f7dea4048327ca032ec102ea74'),
(23, '<img src=\"https://img.gifmagazine.net/gifmagazine/images/5210838/original.gif\"><', 'cf98f59c0c00358277374644241def187c6ff10d7d6a61bf0eb75bd4476344a3'),
(24, '<img src=\"img/LineQR1.png\">', '81a0d84c98955115840803a9e989253fad27c0abbf59107c0a8a5f66aab1ccff'),
(25, 'ddd', '961b6dd3ede3cb8ecbaacbd68de040cd78eb2ed5889130cceb4c49268ea4d506'),
(26, 'あ', '043a718774c572bd8a25adbeb1bfcd5c0256ae11cecf9f9c3f925d0e52beaf89'),
(27, 'fe', '2c9dcded5b6e7e0ee0e0dc6555b45b9ac044efd2b6daa1a1982c3887ddc6d6d4'),
(28, 'fefe', 'cd5d461992c880f47a101084af0c6a422f20e13eea9015cec4411903623b48a5'),
(29, 'aaaf', 'aaba9c52115118da2bb79fa32c05523652523fcc283840c5458b1aef358a5aa2'),
(30, 'ddd', 'dc7c811b9561739d9b75bb3e9e1715970a868834e62251b0b9ca02e74d0f42c9'),
(31, 're', '730f75dafd73e047b86acb2dbd74e75dcb93272fa084a9082848f2341aa1abb6'),
(32, 'testforthistime', '242ab4ac31522e28fb16163c45c0c19e4402c4a32bcb3b144e7c2edce675b150'),
(33, 'second', '16367aacb67a4a017c8da8ab95682ccb390863780f7114dda0a0e0c55644c7c4'),
(34, 'ewa', 'aa6f8843f3554ec495e45cf6ca4eb5ff50fc61a0ce7674de8f48c54130edf83c'),
(35, 'aefawf', '7f97ac71a1fc014812482d9acb991ab1116c046ec33d39f8845ed02adeb613c2'),
(36, 'gaer', 'c3cd9158713887767e001b807b2235b63af2666e94c078d869502a0650ba3ed1'),
(37, 'faer', '532fc3721a4815d11eec749f3ff91759dfa1483a08cb81f818812bfef135e90d'),
(38, 'afe', '40c61910fd23e654c5389c040d8779b0dbbb36c6eaf98c43e93824a47001076d'),
(39, 'kkkk', '503afc4bd66d51aeda05cbcdbf07ad0d560d03fe0819f365629c48299e92b539'),
(40, 'z', '594e519ae499312b29433b7dd8a97ff068defcba9755b6d5d00e84c524d67b06'),
(41, 'ga', 'f52d63231eb0dbaac689ec9147e4b131fc95ef92d5bc78135b22934b36d76bf4'),
(42, 'a', '3285cce2307129c7113227600e8bd7d2963f0179718bc5c7987d425fd3d91757'),
(43, '<iframe width=\"894\" height=\"503\" src=\"https://www.youtube.com/embed/7OqOY1kZhL0\"', 'f39592393ef0859cb196a52693d2cea00fb2df784b3c04ae54aa7cadb8e562f8'),
(44, '<a href=\"https://fukuiohr2.sakura.ne.jp/2021/webtest/onimotsu/Mogolovania.mp3\"><', '657f18518eaa2f41307895e18c3ba0d12d97b8a23c6de3966f52c6ba39a07ee4'),
(45, 'a', 'dedf442febc2e9f6234b1f3375787ca234c43459edf24740a9fd5b8c995351ae'),
(46, '<a href=\"https://fukuiohr2.sakura.ne.jp/2021/NoneLeave_UI_test/family_top.php\">s', 'cc7e4412564ba8a761bd32ab4cc6086bac3c2c9e580367e0b0eb32a4316f9154'),
(47, 'q', '8e35c2cd3bf6641bdb0e2050b76932cbb2e6034a0ddacc1d9bea82a6ba57f7cf'),
(48, '<a href=\"https://fukuiohr2.sakura.ne.jp/2021/NoneLeave_UI_test/family_make_form.', 'ae1cd33015b06703de2302e02280e51085c5a1748a8404f5a51ff3f239891d36'),
(49, 'ddb', '4e421fd9acf490ad6a5357d0204b2d0103fbd8c137ca30c9e8fdab0dda10063f'),
(50, 'あああ', '28e51044f4a9cbae2bbd3d8a9d8c902ad1455d42208277ac4a913b003038a3dc'),
(51, 'REG', '8f9b41ed03f47ec3a3bf1b520335289bc4cfee30a1ca944346c4efa8cff3f563'),
(52, 'hashtest', '9e7cbc1380adfc1ed117071a6fab6401ea025ba1969eaa173e42c7c637027a9c'),
(53, '大原', '1234'),
(54, '大原', '03ac674216f3e15c761ee1a5e255f067953623c8b388b4459e13f978d7c846f4'),
(55, 'a', 'd4735e3a265e16eee03f59718b9b5d03019c07d8b6c51f90da3a666eec13ab35');

-- --------------------------------------------------------

--
-- テーブルの構造 `family_user`
--

CREATE TABLE `family_user` (
  `family_id` int(10) UNSIGNED NOT NULL,
  `user_id` int(10) UNSIGNED NOT NULL,
  `user_name` varchar(100) DEFAULT NULL
) ENGINE=InnoDB DEFAULT CHARSET=utf8mb4;

--
-- テーブルのデータのダンプ `family_user`
--

INSERT INTO `family_user` (`family_id`, `user_id`, `user_name`) VALUES
(1, 1, 'besu'),
(2, 1, 'besu'),
(9, 4, ''),
(9, 19, '薫'),
(13, 7, '録登を物ち持のん'),
(13, 9, 'さんささんさささん'),
(13, 20, 'aefsa'),
(40, 7, 'z'),
(42, 20, 'efafewae'),
(43, 20, 'after'),
(45, 20, '<?php  // sanitizing and cut for output function output_adjust(string $output) {     if (strlen($out'),
(50, 7, 'ｓｓｓｓ'),
(51, 24, NULL),
(52, 7, 'hashtest'),
(52, 20, 'hashtest'),
(54, 7, '若杉');

-- --------------------------------------------------------

--
-- テーブルの構造 `item`
--

CREATE TABLE `item` (
  `id` int(10) UNSIGNED NOT NULL,
  `name` varchar(4000) NOT NULL
) ENGINE=InnoDB DEFAULT CHARSET=utf8mb4;

--
-- テーブルのデータのダンプ `item`
--

INSERT INTO `item` (`id`, `name`) VALUES
(1, '弁当'),
(2, '鍵'),
(3, '傘'),
(4, '原稿'),
(5, 'クソ野郎'),
(6, '携帯'),
(7, '車のカギ'),
(8, '充電器'),
(9, '頭のネジ'),
(10, '誕生日'),
(11, 'こどものこころ'),
(12, '文化の日'),
(13, '昨日の記憶'),
(14, '夢'),
(15, '生きる理由'),
(16, '昨日忘れたもの'),
(17, '教科書'),
(18, '帽子'),
(19, '会議資料'),
(20, '体操服'),
(21, '家のカギ'),
(22, '応用情報合格書'),
(23, '財布'),
(24, 'AirPods'),
(25, 'マスク'),
(26, 'a'),
(27, 'カギ'),
(28, '筆記用具'),
(29, 'イヤホン'),
(30, 'ラーメン'),
(31, '長財布'),
(32, 'ワイヤレスイヤホン'),
(33, 'スマホ'),
(34, 'あー？'),
(35, 'あああああああああああああああああああああ'),
(36, 'スコップ'),
(37, 'ｄｓｆｇｄｓｇｄｆｓ'),
(38, 'もち'),
(39, '水筒'),
(40, 'テスト'),
(41, '記憶'),
(42, '想像力'),
(43, '忍耐力'),
(44, 'やる気'),
(45, 'スイッチ'),
(46, 'あ'),
(47, 'か'),
(48, 'あいうえ'),
(49, 'サ'),
(50, 'バイバイ'),
(51, 'こんにちは'),
(52, 'かき'),
(53, '<b>もちもの</b>'),
(54, '<s>もちもの</s>'),
(55, '<iframe width=\"640\" height=\"480\" src=\"https://www.youtube.com/embed/vyUMYYc8lxU\" title=\"YouTube video player\" frameborder=\"0\" allow=\"accelerometer; autoplay; clipboard-write; encrypted-media; gyroscope; picture-in-picture\" allowfullscreen></iframe>'),
(56, '<table>\r\n	<caption> this is a table. </caption>\r\n	<thead>\r\n		<tr>\r\n			<td>X</td>\r\n			<td>Y</td>\r\n			<td>X xor Y</td>\r\n		</tr>\r\n	</thead>\r\n	<tbody>\r\n		<tr>\r\n			<td>0</td>\r\n			<td>0</td>\r\n			<td>0</td>\r\n		</tr>\r\n		<tr>\r\n			<td>0</td>\r\n			<td>1</td>\r\n			<td>1</td>\r\n		</tr>\r\n		<tr>\r\n			<td>1</td>\r\n			<td>0</td>\r\n			<td>1</td>\r\n		</tr>\r\n		<tr>\r\n			<td>1</td>\r\n			<td>1</td>\r\n			<td>0</td>\r\n		</tr>\r\n	</tbody>\r\n</table>'),
(57, '<img src=\"https://img.gifmagazine.net/gifmagazine/images/5210838/original.gif\">'),
(58, '<div id=\"clock\"></div>\r\n<script>\r\n	const printTime = () => {\r\n		document.getElementById(\"clock\").innerText = new Date();\r\n		setInterval(printTime, 1000);\r\n	}\r\n	window.onload = () => {\r\n		printTime();\r\n	}\r\n</script>'),
(59, '<img src=\"https://pbs.twimg.com/profile_images/1224313117552758785/4roEX_7L_400x400.jpg\">'),
(60, '<p class=\"ra\" style=\"color: #ff5353;\">寿司食べたい この世の終わりの日は 寿司食べたい 最後の晩餐に</p>\r\n<style>\r\n.ra{\r\n    font-size: 150%;\r\n    font-weight:600;\r\n    animation:rainbow 3s infinite;\r\n    -webkit-animation:rainbow 3s infinite;\r\n}\r\n@keyframes rainbow{\r\n    12%{color:#ff5353;}\r\n    24%{color:#ffcf53;}\r\n    36%{color:#e8ff53;}\r\n    48%{color:#53ff5d;}\r\n    60%{color:#53ffbc;}\r\n    72%{color:#5393ff;}\r\n    84%{color:#ca53ff;}\r\n    100%{color:#ff53bd;}\r\n}\r\n@-webkit-keyframes rainbow{\r\n    12%{color:#ff5353;}\r\n    24%{color:#ffcf53;}\r\n    36%{color:#e8ff53;}\r\n    48%{color:#53ff5d;}\r\n    60%{color:#53ffbc;}\r\n    72%{color:#5393ff;}\r\n    84%{color:#ca53ff;}\r\n    100%{color:#ff53bd;}\r\n}\r\n</style>'),
(61, '<img src=\"https://img.gifmagazine.net/gifmagazine/images/5210838/original.gif\">'),
(62, 'え'),
(63, '<img src=\"https://img.gifmagazine.net/gifmagazine/images/5284899/original.gif\">'),
(64, 'リスペクト'),
(65, '痛み'),
(66, 'kgd'),
(67, 'lkh'),
(68, '<p class=\"ra\" style=\"color: #ff5353;\">寿司食べたい この世の終わりの日は 寿司食べたい 最後の晩餐に</p> <style> .ra{     font-size: 150%;     font-weight:600;     animation:rainbow 3s infinite;     -webkit-animation:rainbow 3s infinite; } @keyframes rainbow{     12%{color:#ff5353;}     24%{color:#ffcf53;}     36%{color:#e8ff53;}     48%{color:#53ff5d;}     60%{color:#53ffbc;}     72%{color:#5393ff;}     84%{color:#ca53ff;}     100%{color:#ff53bd;} } @-webkit-keyframes rainbow{     12%{color:#ff5353;}     24%{color:#ffcf53;}     36%{color:#e8ff53;}     48%{color:#53ff5d;}     60%{color:#53ffbc;}     72%{color:#5393ff;}     84%{color:#ca53ff;}     100%{color:#ff53bd;} } </style>'),
(69, '定期'),
(70, 'aaaa'),
(71, 'うぇええええええええい'),
(72, '<img src=\"https://c.tenor.com/0halJEZ4-dwAAAAC/kachitoritai-run.gif\">'),
(73, '3'),
(74, '<img src='),
(75, 'ほげ'),
(76, 'Mogolovonio'),
(77, 'fdsfasdfasfasfa'),
(78, 'megalovania'),
(79, 'ほんもののナイフ'),
(80, 'スシトレイン'),
(81, '寿司食べたい'),
(82, 'エウデッデwwwアッドゥッドゥーワドゥワwww'),
(83, 'asdf fdsa'),
(84, 'ふぁｓふぁえふぇわふぁ'),
(85, 'ぺやんぐ'),
(86, 'fawgj ena;ob '),
(87, '野獣先輩'),
(88, '離れ離れの街を 繋ぐ列車は行ってしまったね 失くした言葉を知らないなら ポケットで握りしめて'),
(89, 'dzdgfdgfgdf'),
(90, '<img src=\"https://img.gifmagazine.net/gifmagazine/images/4887055/180half_f.gif\">'),
(91, '筆箱'),
(92, '<img src=\"img/LineQR1.png\">'),
(93, 'バタースコッチシナモンパイ'),
(94, '<img src=\"https://fukuiohr2.sakura.ne.jp/2021/webtest/yabushita/sushi.png\">'),
(95, '<img src=\"https://img.gifmagazine.net/gifmagazine/images/1550943/180half_f.gif\">'),
(96, '御陀仏'),
(97, '<a href=\"https://fukuiohr2.sakura.ne.jp/2021/webtest/onimotsu/Mogolovonia.mp3\"></a>'),
(98, '<a href=\"https://fukuiohr2.sakura.ne.jp/2021/webtest/onimotsu/Mogolovonia.mp3\">地底</a>'),
(99, '<a href=\"https://fukuiohr2.sakura.ne.jp/2021/webtest/onimotsu/Mogolovonia.mp3\">地底 ※クリック注意（爆音が出ます）</a>'),
(100, '<a href=\"https://youtu.be/7OqOY1kZhL0\">Mogolovonio</a>'),
(101, '<a href=\"https://youtu.be/HguHoct7h10\">LOSER</a>'),
(102, 'ふぁ'),
(105, '複数曜日のテスト'),
(106, 'わとぇｔあうぇぐぇあ'),
(107, 'wag'),
(108, 'wag'),
(109, 'wag'),
(110, 'wag'),
(111, 'wag'),
(112, 'wag'),
(113, 'wag'),
(114, 'wag'),
(115, 'e'),
(116, 'er'),
(117, 'this is a test.'),
(118, 'バタースコッチシナモンパイ'),
(119, 'ナイスクリーム'),
(120, '有能なプログラマー'),
(121, 'アルセウス'),
(122, 'くぁｗせｄｒｆｔｇｙふじこｌｐ'),
(123, '蝉の抜け殻'),
(124, '裏拍手'),
(125, '持ち物'),
(126, '<iframe width=\"894\" height=\"503\" src=\"https://www.youtube.com/embed/1qBWa6dWBRk?list=RD1qBWa6dWBRk\" title=\"YouTube video player\" frameborder=\"0\" allow=\"accelerometer; autoplay; clipboard-write; encrypted-media; gyroscope; picture-in-picture\" allowfullscreen></iframe>'),
(127, 'Mogolovonio'),
(128, 'a'),
(129, '弁当ぅ'),
(130, 'COVID-19'),
(131, '弁当ぅ'),
(132, 'オミクロン株'),
(133, '弁当ぅ'),
(134, '弁当ぅ'),
(135, '弁当ぅ'),
(136, '着替えの服');

-- --------------------------------------------------------

--
-- テーブルの構造 `location`
--

CREATE TABLE `location` (
  `id` int(10) UNSIGNED NOT NULL,
  `lat` varchar(40) NOT NULL,
  `lon` varchar(40) NOT NULL
) ENGINE=InnoDB DEFAULT CHARSET=utf8mb4;

--
-- テーブルのデータのダンプ `location`
--

INSERT INTO `location` (`id`, `lat`, `lon`) VALUES
(1, '36.063249958713', '136.22261658324'),
(4, '36.217285168044', '136.15030288696'),
(7, '-73.680558', '6.799595'),
(23, '35.929972870517', '136.185936369');

-- --------------------------------------------------------

--
-- テーブルの構造 `raspberrypi_cooperation`
--

CREATE TABLE `raspberrypi_cooperation` (
  `RaspberryPi_id` int(100) NOT NULL,
  `RaspberryPi_MAC_address` varchar(12) NOT NULL,
  `smartphone_MAC_address` varchar(12) NOT NULL,
  `user_id` int(10) NOT NULL
) ENGINE=InnoDB DEFAULT CHARSET=utf8mb4;

--
-- テーブルのデータのダンプ `raspberrypi_cooperation`
--

INSERT INTO `raspberrypi_cooperation` (`RaspberryPi_id`, `RaspberryPi_MAC_address`, `smartphone_MAC_address`, `user_id`) VALUES
(1, 'AAAAAAAAAAAA', 'AAAAAAAAAAAA', 20),
(8, 'D84C90280AEA', 'D84C90210019', 1);

-- --------------------------------------------------------

--
-- テーブルの構造 `send_log`
--

CREATE TABLE `send_log` (
  `id` int(11) NOT NULL,
  `to_id` int(10) UNSIGNED NOT NULL,
  `message` varchar(80) NOT NULL,
  `datetime` datetime NOT NULL,
  `confilm_check` tinyint(1) NOT NULL DEFAULT '0'
) ENGINE=InnoDB DEFAULT CHARSET=utf8mb4;

--
-- テーブルのデータのダンプ `send_log`
--

INSERT INTO `send_log` (`id`, `to_id`, `message`, `datetime`, `confilm_check`) VALUES
(112, 1, '持ち物更新確認', '2021-10-22 23:00:01', 1),
(113, 1, '弁当\n持ち物確認', '2021-10-25 08:00:01', 1),
(114, 5, '傘\n指定時間の持ち物確認', '2021-10-25 17:20:00', 0),
(115, 1, '持ち物更新確認', '2021-10-25 23:00:00', 1),
(116, 1, '弁当\n持ち物確認', '2021-10-26 08:00:00', 1),
(117, 1, '持ち物更新確認', '2021-10-26 23:00:00', 1),
(118, 1, '弁当\n持ち物確認', '2021-10-27 08:00:00', 1),
(119, 1, '持ち物更新確認', '2021-10-27 23:00:00', 1),
(120, 1, '弁当\n持ち物確認', '2021-10-28 08:00:00', 1),
(121, 1, '持ち物更新確認', '2021-10-28 23:00:00', 0),
(122, 1, '弁当\n持ち物確認', '2021-10-29 08:00:00', 1),
(123, 1, '持ち物更新確認', '2021-10-29 23:00:00', 1),
(124, 1, '弁当\n持ち物確認', '2021-11-01 08:00:00', 1),
(127, 1, '持ち物更新確認', '2021-11-01 23:00:00', 1),
(128, 1, '弁当\n持ち物確認', '2021-11-02 08:00:00', 1),
(129, 7, '頭のネジ\n指定時間の持ち物確認', '2021-11-02 12:10:00', 0),
(130, 7, '誕生日\n指定時間の持ち物確認', '2021-11-02 12:45:00', 1),
(131, 7, '持ち物更新確認', '2021-11-02 13:00:00', 1),
(134, 1, '持ち物更新確認', '2021-11-02 23:00:00', 1),
(135, 1, '弁当\n持ち物確認', '2021-11-03 08:00:00', 0),
(136, 7, 'こどものこころ\n昨日の記憶\n夢\n生きる理由\n昨日忘れたもの\n持ち物確認', '2021-11-03 12:50:00', 1),
(137, 7, '持ち物更新確認', '2021-11-03 13:00:00', 1),
(138, 7, '誕生日\n指定時間の持ち物確認', '2021-11-03 13:00:00', 1),
(139, 1, '文化の日\n指定時間の持ち物確認', '2021-11-03 13:20:00', 1),
(142, 1, '持ち物更新確認', '2021-11-03 23:00:00', 1),
(143, 1, '弁当\n持ち物確認', '2021-11-04 08:00:00', 1),
(144, 7, 'こどものこころ\n昨日の記憶\n夢\n生きる理由\n昨日忘れたもの\n持ち物確認', '2021-11-04 12:50:01', 0),
(145, 7, '持ち物更新確認', '2021-11-04 13:00:00', 0),
(146, 0, '', '2021-11-04 13:07:00', 1),
(147, 0, '', '2021-11-04 13:08:15', 1),
(148, 0, '', '2021-11-04 14:50:29', 1),
(149, 0, '', '2021-11-04 14:50:31', 1),
(150, 0, '', '2021-11-04 14:55:16', 1),
(151, 0, '', '2021-11-04 14:56:37', 1),
(152, 0, '', '0000-00-00 00:00:00', 1),
(153, 0, '', '0000-00-00 00:00:00', 1),
(154, 0, '', '2021-11-04 15:38:26', 1),
(160, 1, '持ち物更新確認', '2021-11-04 23:00:00', 1),
(162, 1, '弁当\n持ち物確認', '2021-11-05 08:00:00', 1),
(163, 4, 'Alexa持ち物確認', '2021-11-05 12:10:51', 1),
(164, 4, 'Alexa持ち物確認', '2021-11-05 12:35:28', 1),
(165, 7, 'こどものこころ\n昨日の記憶\n夢\n生きる理由\n昨日忘れたもの\n持ち物確認', '2021-11-05 12:50:01', 0),
(166, 7, '持ち物更新確認', '2021-11-05 13:00:00', 0),
(168, 1, '持ち物更新確認', '2021-11-05 23:00:00', 0),
(169, 7, 'こどものこころ\n昨日の記憶\n夢\n生きる理由\n昨日忘れたもの\n持ち物確認', '2021-11-06 12:50:00', 0),
(170, 7, '持ち物更新確認', '2021-11-06 13:00:00', 0),
(171, 7, 'こどものこころ\n昨日の記憶\n夢\n生きる理由\n昨日忘れたもの\n持ち物確認', '2021-11-07 12:50:00', 0),
(172, 7, '持ち物更新確認', '2021-11-07 13:00:00', 1),
(174, 1, '弁当\n持ち物確認', '2021-11-08 08:00:00', 1),
(175, 7, 'こどものこころ\n昨日の記憶\n夢\n生きる理由\n昨日忘れたもの\n持ち物確認', '2021-11-08 12:50:01', 0),
(176, 7, '持ち物更新確認', '2021-11-08 13:00:00', 0),
(177, 4, 'Alexa持ち物確認', '2021-11-08 16:10:03', 1),
(180, 1, '持ち物更新確認', '2021-11-08 23:00:00', 1),
(181, 1, '弁当\n持ち物確認', '2021-11-09 08:00:00', 1),
(183, 7, 'こどものこころ\n昨日の記憶\n夢\n生きる理由\n昨日忘れたもの\n持ち物確認', '2021-11-09 12:50:00', 0),
(184, 7, '持ち物更新確認', '2021-11-09 13:00:00', 0),
(186, 4, 'Alexa持ち物確認', '2021-11-09 15:48:16', 1),
(189, 4, 'Alexa持ち物確認', '2021-11-09 16:06:00', 1),
(191, 1, '持ち物更新確認', '2021-11-09 23:00:00', 1),
(192, 1, '弁当\n持ち物確認', '2021-11-10 08:00:00', 1),
(194, 7, 'こどものこころ\n昨日の記憶\n夢\n生きる理由\n昨日忘れたもの\n持ち物確認', '2021-11-10 12:50:00', 1),
(195, 7, '持ち物更新確認', '2021-11-10 13:00:00', 1),
(197, 1, '持ち物更新確認', '2021-11-10 23:00:00', 1),
(199, 1, '弁当\n持ち物確認', '2021-11-11 08:00:01', 1),
(200, 4, 'Alexa持ち物確認', '2021-11-11 10:04:12', 1),
(201, 4, 'Alexa持ち物確認', '2021-11-11 11:08:48', 1),
(202, 4, 'Alexa持ち物確認', '2021-11-11 11:09:43', 1),
(204, 4, 'Alexa持ち物確認', '2021-11-11 11:13:14', 1),
(208, 4, 'Alexa持ち物確認', '2021-11-11 14:56:24', 1),
(210, 1, '持ち物更新確認', '2021-11-11 23:00:01', 1),
(212, 1, '弁当\n持ち物確認', '2021-11-12 08:00:00', 1),
(213, 7, 'こどものこころ\n昨日の記憶\n夢\n生きる理由\n昨日忘れたもの\n持ち物確認', '2021-11-12 12:50:00', 1),
(214, 7, '持ち物更新確認', '2021-11-12 13:00:00', 1),
(216, 1, '持ち物更新確認', '2021-11-12 23:00:00', 0),
(217, 7, 'こどものこころ\n昨日の記憶\n夢\n生きる理由\n昨日忘れたもの\n持ち物確認', '2021-11-13 12:50:00', 1),
(218, 7, '持ち物更新確認', '2021-11-13 13:00:00', 1),
(219, 1, '原稿\n指定時間の持ち物確認', '2021-11-13 13:00:00', 1),
(220, 7, 'こどものこころ\n昨日の記憶\n夢\n生きる理由\n昨日忘れたもの\n持ち物確認', '2021-11-14 12:50:00', 1),
(221, 7, '持ち物更新確認', '2021-11-14 13:00:00', 1),
(223, 1, '弁当\n持ち物確認', '2021-11-15 08:00:00', 0),
(224, 7, 'こどものこころ\n昨日の記憶\n夢\n生きる理由\n昨日忘れたもの\n持ち物確認', '2021-11-15 12:50:00', 0),
(225, 7, '持ち物更新確認', '2021-11-15 13:00:00', 0),
(227, 1, '持ち物更新確認', '2021-11-15 23:00:00', 1),
(229, 1, '弁当\n持ち物確認', '2021-11-16 08:00:00', 1),
(230, 7, 'こどものこころ\n昨日の記憶\n夢\n生きる理由\n昨日忘れたもの\n持ち物確認', '2021-11-16 12:50:01', 0),
(231, 7, '持ち物更新確認', '2021-11-16 13:00:00', 0),
(232, 4, 'Alexa持ち物確認', '2021-11-16 17:00:20', 1),
(233, 4, 'Alexa持ち物確認', '2021-11-16 17:13:45', 1),
(234, 4, 'Alexa持ち物確認', '2021-11-16 17:14:09', 1),
(236, 1, '持ち物更新確認', '2021-11-16 23:00:00', 1),
(238, 1, '弁当\n持ち物確認', '2021-11-17 08:00:00', 1),
(239, 7, 'こどものこころ\n昨日の記憶\n夢\n生きる理由\n昨日忘れたもの\n持ち物確認', '2021-11-17 12:50:00', 0),
(240, 7, '持ち物更新確認', '2021-11-17 13:00:00', 0),
(241, 4, 'Alexa持ち物確認', '2021-11-17 14:31:19', 1),
(242, 4, 'Alexa持ち物確認', '2021-11-17 14:31:49', 1),
(243, 4, 'Alexa持ち物確認', '2021-11-17 14:34:10', 1),
(244, 4, 'Alexa持ち物確認', '2021-11-17 14:44:28', 1),
(245, 4, 'Alexa持ち物確認', '2021-11-17 14:54:30', 1),
(246, 4, 'Alexa持ち物確認', '2021-11-17 14:57:26', 1),
(247, 4, 'Alexa持ち物確認', '2021-11-17 14:57:54', 1),
(248, 4, 'Alexa持ち物確認', '2021-11-17 15:00:25', 1),
(249, 4, 'Alexa持ち物確認', '2021-11-17 15:43:52', 1),
(250, 4, 'Alexa持ち物確認', '2021-11-17 15:49:24', 1),
(251, 4, 'Alexa持ち物確認', '2021-11-17 16:14:51', 1),
(253, 1, '持ち物更新確認', '2021-11-17 23:00:00', 1),
(255, 1, '弁当\n持ち物確認', '2021-11-18 08:00:00', 1),
(256, 7, 'こどものこころ\n昨日の記憶\n夢\n生きる理由\n昨日忘れたもの\n持ち物確認', '2021-11-18 12:50:00', 0),
(257, 7, '持ち物更新確認', '2021-11-18 13:00:00', 0),
(259, 1, '持ち物更新確認', '2021-11-18 23:00:00', 1),
(261, 1, '弁当\n持ち物確認', '2021-11-19 08:00:00', 1),
(262, 7, 'こどものこころ\n昨日の記憶\n夢\n生きる理由\n昨日忘れたもの\n持ち物確認', '2021-11-19 12:50:01', 0),
(263, 7, '持ち物更新確認', '2021-11-19 13:00:00', 0),
(264, 1, '持ち物更新確認', '2021-11-19 23:00:00', 1),
(265, 7, 'こどものこころ\n昨日の記憶\n夢\n生きる理由\n昨日忘れたもの\n持ち物確認', '2021-11-20 12:50:00', 0),
(266, 7, '持ち物更新確認', '2021-11-20 13:00:00', 0),
(267, 7, 'こどものこころ\n昨日の記憶\n夢\n生きる理由\n昨日忘れたもの\n持ち物確認', '2021-11-21 12:50:01', 0),
(268, 7, '持ち物更新確認', '2021-11-21 13:00:00', 1),
(269, 1, '弁当\n持ち物確認', '2021-11-22 08:00:00', 1),
(271, 4, 'Alexa持ち物確認', '2021-11-22 11:19:52', 1),
(272, 4, 'Alexa持ち物確認', '2021-11-22 11:22:23', 1),
(273, 7, 'こどものこころ\n昨日の記憶\n夢\n生きる理由\n昨日忘れたもの\n持ち物確認', '2021-11-22 12:50:00', 0),
(274, 4, 'Alexa持ち物確認', '2021-11-22 12:51:30', 1),
(275, 4, 'Alexa持ち物確認', '2021-11-22 12:57:09', 1),
(276, 7, '持ち物更新確認', '2021-11-22 13:00:01', 0),
(277, 4, 'Alexa持ち物確認', '2021-11-22 15:30:18', 1),
(278, 4, 'Alexa持ち物確認', '2021-11-22 15:35:57', 1),
(279, 4, 'Alexa持ち物確認', '2021-11-22 15:37:45', 1),
(280, 4, 'Alexa持ち物確認', '2021-11-22 15:39:27', 1),
(281, 4, 'Alexa持ち物確認', '2021-11-22 15:44:24', 1),
(283, 1, '持ち物更新確認', '2021-11-22 23:00:00', 1),
(284, 1, '弁当\n持ち物確認', '2021-11-23 08:00:01', 0),
(286, 7, 'こどものこころ\n昨日の記憶\n夢\n生きる理由\n昨日忘れたもの\n持ち物確認', '2021-11-23 12:50:01', 0),
(287, 7, '持ち物更新確認', '2021-11-23 13:00:00', 0),
(289, 1, '持ち物更新確認', '2021-11-23 23:00:01', 1),
(290, 1, '弁当\n持ち物確認', '2021-11-24 08:00:01', 1),
(292, 7, 'こどものこころ\n昨日の記憶\n夢\n生きる理由\n昨日忘れたもの\n持ち物確認', '2021-11-24 12:50:00', 1),
(293, 7, '持ち物更新確認', '2021-11-24 13:00:00', 1),
(294, 4, 'Alexa持ち物確認', '2021-11-24 13:06:12', 1),
(296, 1, '持ち物更新確認', '2021-11-24 23:00:01', 1),
(298, 1, '弁当\n持ち物確認', '2021-11-25 08:00:00', 1),
(299, 4, 'Alexa持ち物確認', '2021-11-25 11:25:37', 1),
(300, 4, 'Alexa持ち物確認', '2021-11-25 11:35:52', 1),
(301, 4, 'Alexa持ち物確認', '2021-11-25 11:36:27', 1),
(302, 4, 'Alexa持ち物確認', '2021-11-25 11:44:07', 1),
(303, 7, 'こどものこころ\n昨日の記憶\n夢\n生きる理由\n昨日忘れたもの\n持ち物確認', '2021-11-25 12:50:00', 0),
(304, 7, '持ち物更新確認', '2021-11-25 13:00:00', 0),
(310, 1, '持ち物更新確認', '2021-11-25 23:00:01', 1),
(311, 1, '弁当\n応用情報合格書\n持ち物確認', '2021-11-26 08:00:00', 1),
(315, 4, 'Alexa持ち物確認', '2021-11-26 11:16:07', 1),
(321, 7, 'こどものこころ\n昨日の記憶\n夢\n生きる理由\n昨日忘れたもの\n持ち物確認', '2021-11-26 12:50:00', 0),
(322, 7, '持ち物更新確認', '2021-11-26 13:00:01', 1),
(324, 1, '持ち物更新確認', '2021-11-26 23:00:00', 0),
(325, 7, 'こどものこころ\n昨日の記憶\n夢\n生きる理由\n昨日忘れたもの\n持ち物確認', '2021-11-27 12:50:00', 0),
(326, 7, '持ち物更新確認', '2021-11-27 13:00:00', 0),
(327, 7, 'こどものこころ\n昨日の記憶\n夢\n生きる理由\n昨日忘れたもの\n持ち物確認', '2021-11-28 12:50:00', 1),
(328, 7, '持ち物更新確認', '2021-11-28 13:00:00', 1),
(329, 1, '弁当\n持ち物確認', '2021-11-29 08:00:00', 0),
(331, 7, 'こどものこころ\n昨日の記憶\n夢\n生きる理由\n昨日忘れたもの\n持ち物確認', '2021-11-29 12:50:00', 0),
(332, 7, '持ち物更新確認', '2021-11-29 13:00:00', 0),
(334, 1, '持ち物更新確認', '2021-11-29 23:00:00', 0),
(335, 1, '弁当\n持ち物確認', '2021-11-30 08:00:00', 1),
(337, 7, 'こどものこころ\n昨日の記憶\n夢\n生きる理由\n昨日忘れたもの\n持ち物確認', '2021-11-30 12:50:00', 0),
(338, 7, '持ち物更新確認', '2021-11-30 13:00:00', 0),
(340, 1, '持ち物更新確認', '2021-11-30 23:00:01', 1),
(341, 1, '弁当\n持ち物確認', '2021-12-01 08:00:00', 1),
(343, 7, 'こどものこころ\n昨日の記憶\n夢\n生きる理由\n昨日忘れたもの\n持ち物確認', '2021-12-01 12:50:01', 0),
(344, 7, '持ち物更新確認', '2021-12-01 13:00:00', 0),
(346, 1, '持ち物更新確認', '2021-12-01 23:00:00', 0),
(347, 1, '弁当\n持ち物確認', '2021-12-02 08:00:00', 1),
(349, 7, 'こどものこころ\n昨日の記憶\n夢\n生きる理由\n昨日忘れたもの\n持ち物確認', '2021-12-02 12:50:00', 0),
(350, 7, '持ち物更新確認', '2021-12-02 13:00:00', 0),
(351, 7, '持ち物更新確認', '2021-12-02 21:00:00', 0),
(353, 1, '持ち物更新確認', '2021-12-02 23:00:00', 1),
(354, 1, '弁当\n持ち物確認', '2021-12-03 08:00:00', 1),
(356, 7, 'こどものこころ\n昨日の記憶\n夢\n生きる理由\n昨日忘れたもの\n持ち物確認', '2021-12-03 12:50:00', 1),
(360, 7, '持ち物更新確認', '2021-12-03 21:00:01', 0),
(362, 1, '持ち物更新確認', '2021-12-03 23:00:00', 0),
(363, 7, 'こどものこころ\n昨日の記憶\n夢\n生きる理由\n昨日忘れたもの\n持ち物確認', '2021-12-04 12:50:00', 0),
(366, 7, '持ち物更新確認', '2021-12-04 21:00:00', 0),
(367, 7, 'こどものこころ\n昨日の記憶\n夢\n生きる理由\n昨日忘れたもの\n持ち物確認', '2021-12-05 12:50:00', 0),
(370, 7, '持ち物更新確認', '2021-12-05 21:00:01', 0),
(371, 1, '弁当\n持ち物確認', '2021-12-06 08:00:01', 0),
(374, 7, 'こどものこころ\n昨日の記憶\n夢\n生きる理由\n昨日忘れたもの\n持ち物確認', '2021-12-06 12:50:00', 0),
(377, 7, '持ち物更新確認', '2021-12-06 21:00:00', 0),
(379, 1, '持ち物更新確認', '2021-12-06 23:00:00', 0),
(380, 1, '弁当\n持ち物確認', '2021-12-07 08:00:00', 0),
(382, 7, 'こどものこころ\n昨日の記憶\n夢\n生きる理由\n昨日忘れたもの\n持ち物確認', '2021-12-07 12:50:01', 1),
(385, 7, '持ち物更新確認', '2021-12-07 21:00:00', 0),
(387, 1, '持ち物更新確認', '2021-12-07 23:00:00', 0),
(388, 1, '弁当\n持ち物確認', '2021-12-08 08:00:00', 0),
(390, 7, 'こどものこころ\n昨日の記憶\n夢\n生きる理由\n昨日忘れたもの\n持ち物確認', '2021-12-08 12:50:00', 0),
(393, 7, '持ち物更新確認', '2021-12-08 21:00:00', 0),
(395, 1, '持ち物更新確認', '2021-12-08 23:00:00', 0),
(396, 1, '弁当\n持ち物確認', '2021-12-09 08:00:00', 0),
(398, 7, 'こどものこころ\n昨日の記憶\n夢\n生きる理由\n昨日忘れたもの\n持ち物確認', '2021-12-09 12:50:00', 0),
(401, 7, '持ち物更新確認', '2021-12-09 21:00:01', 0),
(403, 1, '持ち物更新確認', '2021-12-09 23:00:01', 0),
(404, 1, '弁当\n持ち物確認', '2021-12-10 08:00:00', 0),
(406, 7, 'こどものこころ\n昨日の記憶\n夢\n生きる理由\n昨日忘れたもの\n持ち物確認', '2021-12-10 12:50:00', 0),
(409, 7, '持ち物更新確認', '2021-12-10 21:00:00', 0),
(411, 1, '持ち物更新確認', '2021-12-10 23:00:00', 0),
(412, 7, 'こどものこころ\n昨日の記憶\n夢\n生きる理由\n昨日忘れたもの\n持ち物確認', '2021-12-11 12:50:00', 0),
(415, 7, '持ち物更新確認', '2021-12-11 21:00:00', 0),
(416, 7, 'こどものこころ\n昨日の記憶\n夢\n生きる理由\n昨日忘れたもの\n持ち物確認', '2021-12-12 12:50:00', 0),
(419, 7, '持ち物更新確認', '2021-12-12 21:00:01', 0),
(420, 1, '弁当\n持ち物確認', '2021-12-13 08:00:00', 0),
(422, 7, 'こどものこころ\n昨日の記憶\n夢\n生きる理由\n昨日忘れたもの\n持ち物確認', '2021-12-13 12:50:00', 0),
(425, 7, '持ち物更新確認', '2021-12-13 21:00:00', 0),
(427, 1, '持ち物更新確認', '2021-12-13 23:00:01', 0),
(428, 1, '弁当\n持ち物確認', '2021-12-14 08:00:01', 0),
(430, 7, 'こどものこころ\n昨日の記憶\n夢\n生きる理由\n昨日忘れたもの\n持ち物確認', '2021-12-14 12:50:00', 0),
(433, 7, '持ち物更新確認', '2021-12-14 21:00:00', 0),
(435, 1, '持ち物更新確認', '2021-12-14 23:00:01', 0),
(436, 1, '弁当\n持ち物確認', '2021-12-15 08:00:00', 0),
(438, 7, 'こどものこころ\n昨日の記憶\n夢\n生きる理由\n昨日忘れたもの\n持ち物確認', '2021-12-15 12:50:00', 0),
(441, 7, '持ち物更新確認', '2021-12-15 21:00:01', 0),
(443, 1, '持ち物更新確認', '2021-12-15 23:00:00', 0),
(444, 1, '弁当\n持ち物確認', '2021-12-16 08:00:01', 0),
(446, 7, 'こどものこころ\n昨日の記憶\n夢\n生きる理由\n昨日忘れたもの\n持ち物確認', '2021-12-16 12:50:00', 0),
(449, 7, '持ち物更新確認', '2021-12-16 21:00:00', 0),
(451, 1, '持ち物更新確認', '2021-12-16 23:00:00', 0),
(452, 1, '弁当\n持ち物確認', '2021-12-17 08:00:00', 0),
(454, 7, 'こどものこころ\n昨日の記憶\n夢\n生きる理由\n昨日忘れたもの\n持ち物確認', '2021-12-17 12:50:00', 0),
(457, 7, '持ち物更新確認', '2021-12-17 21:00:01', 0),
(459, 1, '持ち物更新確認', '2021-12-17 23:00:01', 0),
(460, 7, 'こどものこころ\n昨日の記憶\n夢\n生きる理由\n昨日忘れたもの\n持ち物確認', '2021-12-18 12:50:00', 0),
(463, 7, '持ち物更新確認', '2021-12-18 21:00:00', 0),
(464, 7, 'こどものこころ\n昨日の記憶\n夢\n生きる理由\n昨日忘れたもの\n持ち物確認', '2021-12-19 12:50:00', 0),
(467, 7, '持ち物更新確認', '2021-12-19 21:00:00', 0),
(468, 1, '弁当\n持ち物確認', '2021-12-20 08:00:01', 0),
(469, 7, 'こどものこころ\n昨日の記憶\n夢\n生きる理由\n昨日忘れたもの\n持ち物確認', '2021-12-20 12:50:00', 0),
(472, 7, '持ち物更新確認', '2021-12-20 21:00:00', 0),
(473, 1, '持ち物更新確認', '2021-12-20 23:00:00', 0),
(474, 1, '弁当\n持ち物確認', '2021-12-21 08:00:00', 0),
(475, 7, 'こどものこころ\n昨日の記憶\n夢\n生きる理由\n昨日忘れたもの\n持ち物確認', '2021-12-21 12:50:00', 0),
(478, 7, '持ち物更新確認', '2021-12-21 21:00:01', 0),
(479, 1, '持ち物更新確認', '2021-12-21 23:00:01', 0),
(480, 1, '弁当\n持ち物確認', '2021-12-22 08:00:01', 0),
(481, 7, 'こどものこころ\n昨日の記憶\n夢\n生きる理由\n昨日忘れたもの\n持ち物確認', '2021-12-22 12:50:00', 0),
(484, 7, '持ち物更新確認', '2021-12-22 21:00:00', 0),
(485, 1, '持ち物更新確認', '2021-12-22 23:00:00', 0),
(486, 1, '弁当\n持ち物確認', '2021-12-23 08:00:00', 0),
(487, 7, 'こどものこころ\n昨日の記憶\n夢\n生きる理由\n昨日忘れたもの\n持ち物確認', '2021-12-23 12:50:01', 0),
(490, 7, '持ち物更新確認', '2021-12-23 21:00:01', 0),
(491, 1, '持ち物更新確認', '2021-12-23 23:00:00', 0),
(492, 1, '弁当\n持ち物確認', '2021-12-24 08:00:00', 0),
(493, 7, 'こどものこころ\n昨日の記憶\n夢\n生きる理由\n昨日忘れたもの\n持ち物確認', '2021-12-24 12:50:00', 0),
(496, 7, '持ち物更新確認', '2021-12-24 21:00:00', 0),
(497, 1, '持ち物更新確認', '2021-12-24 23:00:01', 0),
(498, 7, 'こどものこころ\n昨日の記憶\n夢\n生きる理由\n昨日忘れたもの\n持ち物確認', '2021-12-25 12:50:00', 0),
(501, 7, '持ち物更新確認', '2021-12-25 21:00:01', 0),
(502, 7, 'こどものこころ\n昨日の記憶\n夢\n生きる理由\n昨日忘れたもの\n持ち物確認', '2021-12-26 12:50:01', 0),
(505, 7, '持ち物更新確認', '2021-12-26 21:00:01', 0),
(506, 1, '弁当\n持ち物確認', '2021-12-27 08:00:01', 0),
(507, 7, 'こどものこころ\n昨日の記憶\n夢\n生きる理由\n昨日忘れたもの\n持ち物確認', '2021-12-27 12:50:01', 0),
(510, 7, '持ち物更新確認', '2021-12-27 21:00:00', 0),
(511, 1, '持ち物更新確認', '2021-12-27 23:00:00', 0),
(512, 1, '弁当\n持ち物確認', '2021-12-28 08:00:00', 0),
(513, 7, 'こどものこころ\n昨日の記憶\n夢\n生きる理由\n昨日忘れたもの\n持ち物確認', '2021-12-28 12:50:00', 0),
(516, 7, '持ち物更新確認', '2021-12-28 21:00:00', 1),
(517, 1, '持ち物更新確認', '2021-12-28 23:00:01', 0),
(518, 1, '弁当\n持ち物確認', '2021-12-29 08:00:00', 0),
(519, 7, 'こどものこころ\n昨日の記憶\n夢\n生きる理由\n昨日忘れたもの\n持ち物確認', '2021-12-29 12:50:00', 0),
(522, 7, '持ち物更新確認', '2021-12-29 21:00:01', 0),
(523, 1, '持ち物更新確認', '2021-12-29 23:00:00', 0),
(524, 1, '弁当\n持ち物確認', '2021-12-30 08:00:01', 0),
(525, 7, 'こどものこころ\n昨日の記憶\n夢\n生きる理由\n昨日忘れたもの\n持ち物確認', '2021-12-30 12:50:00', 0),
(528, 7, '持ち物更新確認', '2021-12-30 21:00:00', 0),
(529, 1, '持ち物更新確認', '2021-12-30 23:00:00', 0),
(530, 1, '弁当\n持ち物確認', '2021-12-31 08:00:01', 0),
(531, 7, 'こどものこころ\n昨日の記憶\n夢\n生きる理由\n昨日忘れたもの\n持ち物確認', '2021-12-31 12:50:01', 0),
(534, 7, '持ち物更新確認', '2021-12-31 21:00:00', 0),
(535, 1, '持ち物更新確認', '2021-12-31 23:00:00', 0),
(536, 7, 'こどものこころ\n昨日の記憶\n夢\n生きる理由\n昨日忘れたもの\n持ち物確認', '2022-01-01 12:50:00', 0),
(539, 7, '持ち物更新確認', '2022-01-01 21:00:01', 0),
(540, 7, 'こどものこころ\n昨日の記憶\n夢\n生きる理由\n昨日忘れたもの\n持ち物確認', '2022-01-02 12:50:00', 0),
(543, 7, '持ち物更新確認', '2022-01-02 21:00:00', 0),
(544, 1, '弁当\n持ち物確認', '2022-01-03 08:00:00', 0),
(545, 7, 'こどものこころ\n昨日の記憶\n夢\n生きる理由\n昨日忘れたもの\n持ち物確認', '2022-01-03 12:50:00', 0),
(548, 7, '持ち物更新確認', '2022-01-03 21:00:00', 0),
(549, 1, '持ち物更新確認', '2022-01-03 23:00:00', 0),
(550, 1, '弁当\n持ち物確認', '2022-01-04 08:00:00', 0),
(551, 7, 'こどものこころ\n昨日の記憶\n夢\n生きる理由\n昨日忘れたもの\n持ち物確認', '2022-01-04 12:50:01', 0),
(554, 7, '持ち物更新確認', '2022-01-04 21:00:00', 0),
(555, 1, '持ち物更新確認', '2022-01-04 23:00:00', 0),
(556, 1, '弁当\n持ち物確認', '2022-01-05 08:00:01', 0),
(557, 7, 'こどものこころ\n昨日の記憶\n夢\n生きる理由\n昨日忘れたもの\n持ち物確認', '2022-01-05 12:50:00', 0),
(560, 7, '持ち物更新確認', '2022-01-05 21:00:01', 0),
(561, 1, '持ち物更新確認', '2022-01-05 23:00:00', 0),
(562, 1, '弁当\n持ち物確認', '2022-01-06 08:00:00', 0),
(563, 7, 'こどものこころ\n昨日の記憶\n夢\n生きる理由\n昨日忘れたもの\n持ち物確認', '2022-01-06 12:50:00', 0),
(564, 7, '持ち物更新確認', '2022-01-06 21:00:00', 0),
(565, 1, '持ち物更新確認', '2022-01-06 23:00:00', 0),
(566, 1, '弁当\n持ち物確認', '2022-01-07 08:00:00', 0),
(567, 7, 'こどものこころ\n昨日の記憶\n夢\n生きる理由\n昨日忘れたもの\n持ち物確認', '2022-01-07 12:50:01', 0),
(568, 7, '持ち物更新確認', '2022-01-07 21:00:00', 0),
(569, 1, '持ち物更新確認', '2022-01-07 23:00:00', 0),
(570, 7, 'こどものこころ\n昨日の記憶\n夢\n生きる理由\n昨日忘れたもの\n持ち物確認', '2022-01-08 12:50:00', 0),
(571, 7, '持ち物更新確認', '2022-01-08 21:00:01', 0),
(572, 7, 'こどものこころ\n昨日の記憶\n夢\n生きる理由\n昨日忘れたもの\n持ち物確認', '2022-01-09 12:50:01', 0),
(573, 7, '持ち物更新確認', '2022-01-09 21:00:00', 0),
(574, 1, '弁当\n持ち物確認', '2022-01-10 08:00:00', 0),
(575, 7, 'こどものこころ\n昨日の記憶\n夢\n生きる理由\n昨日忘れたもの\n持ち物確認', '2022-01-10 12:50:00', 0),
(576, 7, '持ち物更新確認', '2022-01-10 21:00:01', 0),
(577, 1, '持ち物更新確認', '2022-01-10 23:00:01', 0),
(578, 1, '弁当\n持ち物確認', '2022-01-11 08:00:00', 1),
(579, 7, 'こどものこころ\n昨日の記憶\n夢\n生きる理由\n昨日忘れたもの\n持ち物確認', '2022-01-11 12:50:00', 0),
(583, 7, '持ち物更新確認', '2022-01-11 21:00:01', 0),
(584, 1, '持ち物更新確認', '2022-01-11 23:00:00', 0),
(585, 1, '弁当\n持ち物確認', '2022-01-12 08:00:00', 0),
(594, 7, 'こどものこころ\n昨日の記憶\n夢\n生きる理由\n昨日忘れたもの\n持ち物確認', '2022-01-12 12:50:00', 0),
(597, 7, '持ち物更新確認', '2022-01-12 21:00:00', 0),
(598, 1, '持ち物更新確認', '2022-01-12 23:00:01', 0),
(599, 1, '弁当\n持ち物確認', '2022-01-13 08:00:01', 1),
(602, 7, 'こどものこころ\n昨日の記憶\n夢\n生きる理由\n昨日忘れたもの\n持ち物確認', '2022-01-13 12:50:00', 0),
(603, 7, '持ち物更新確認', '2022-01-13 21:00:00', 0),
(605, 1, '持ち物更新確認', '2022-01-13 23:00:01', 0),
(607, 1, '弁当\n持ち物確認', '2022-01-14 08:00:00', 0),
(610, 7, '弁当\nこどものこころ\n昨日の記憶\n夢\n生きる理由\n昨日忘れたもの\n持ち物確認', '2022-01-14 12:50:00', 0),
(611, 7, '持ち物更新確認', '2022-01-14 21:00:00', 0),
(612, 1, '持ち物更新確認', '2022-01-14 23:00:00', 0),
(615, 7, '弁当\nこどものこころ\n昨日の記憶\n夢\n生きる理由\n昨日忘れたもの\n持ち物確認', '2022-01-15 12:50:00', 0),
(616, 7, '持ち物更新確認', '2022-01-15 21:00:00', 0),
(617, 7, '弁当\nこどものこころ\n昨日の記憶\n夢\n生きる理由\n昨日忘れたもの\n持ち物確認', '2022-01-16 12:50:00', 0),
(618, 7, '持ち物更新確認', '2022-01-16 21:00:00', 0),
(619, 1, '弁当\n持ち物確認', '2022-01-17 08:00:01', 1),
(620, 4, 'Alexa持ち物確認', '2022-01-17 11:30:53', 1),
(621, 7, '持ち物更新確認', '2022-01-17 21:00:01', 0),
(622, 1, '持ち物更新確認', '2022-01-17 23:00:01', 0),
(623, 1, '弁当\n持ち物確認', '2022-01-18 08:00:00', 1),
(625, 7, '弁当\n誕生日\nこどものこころ\n昨日の記憶\n夢\n生きる理由\n昨日忘れたもの\n持ち物確認', '2022-01-18 12:50:00', 0),
(627, 7, '持ち物更新確認', '2022-01-18 21:00:00', 0),
(628, 1, '持ち物更新確認', '2022-01-18 23:00:00', 0),
(629, 1, '弁当\n持ち物確認', '2022-01-19 08:00:01', 0),
(633, 4, 'Alexa持ち物確認', '2022-01-19 12:39:45', 1),
(634, 4, 'Alexa持ち物確認', '2022-01-19 12:40:15', 1),
(635, 7, '弁当\n誕生日\nこどものこころ\n昨日の記憶\n夢\n生きる理由\n昨日忘れたもの\n持ち物確認', '2022-01-19 12:50:01', 0),
(636, 4, 'Alexa持ち物確認', '2022-01-19 12:53:23', 1),
(637, 4, 'Alexa持ち物確認', '2022-01-19 12:54:44', 1),
(638, 4, 'Alexa持ち物確認', '2022-01-19 14:35:43', 1),
(639, 4, 'Alexa持ち物確認', '2022-01-19 14:58:22', 1),
(640, 4, 'Alexa持ち物確認', '2022-01-19 15:05:43', 1),
(641, 4, 'Alexa持ち物確認', '2022-01-19 15:11:37', 1),
(643, 7, '持ち物更新確認', '2022-01-19 21:00:00', 0),
(644, 1, '持ち物更新確認', '2022-01-19 23:00:00', 0),
(645, 1, '弁当\n持ち物確認', '2022-01-20 08:00:00', 0),
(648, 7, '誕生日\nこどものこころ\n昨日の記憶\n夢\n生きる理由\n昨日忘れたもの\n持ち物確認', '2022-01-20 12:50:00', 0),
(650, 7, '持ち物更新確認', '2022-01-20 21:00:01', 0),
(651, 1, '持ち物更新確認', '2022-01-20 23:00:01', 0),
(652, 1, '弁当\n持ち物確認', '2022-01-21 08:00:00', 0),
(656, 7, '誕生日\nこどものこころ\n夢\n生きる理由\n昨日忘れたもの\n持ち物確認', '2022-01-21 12:50:00', 0),
(659, 7, '持ち物更新確認', '2022-01-21 21:00:00', 0),
(661, 1, '持ち物更新確認', '2022-01-21 23:00:00', 0),
(664, 7, '誕生日\nこどものこころ\n夢\n生きる理由\n昨日忘れたもの\n持ち物確認', '2022-01-22 12:50:00', 0),
(666, 7, '持ち物更新確認', '2022-01-22 21:00:00', 0),
(669, 7, '誕生日\nこどものこころ\n夢\n生きる理由\n昨日忘れたもの\n持ち物確認', '2022-01-23 12:50:01', 0),
(671, 7, '持ち物更新確認', '2022-01-23 21:00:01', 0),
(673, 1, '弁当\n持ち物確認', '2022-01-24 08:00:00', 1),
(675, 19, '車のカギ\n持ち物確認', '2022-01-24 10:30:00', 1),
(676, 19, '車のカギ\n持ち物確認', '2022-01-24 10:42:00', 1),
(681, 19, '車のカギ\n持ち物確認', '2022-01-24 11:28:00', 1),
(682, 7, '弁当\n指定時間の持ち物確認', '2022-01-24 11:40:00', 0),
(689, 7, '持ち物更新確認', '2022-01-24 21:00:00', 0),
(690, 1, '持ち物更新確認', '2022-01-24 23:00:00', 0),
(691, 1, '弁当\n持ち物確認', '2022-01-25 08:00:00', 0),
(693, 19, '車のカギ\n持ち物確認', '2022-01-25 10:22:00', 1),
(694, 19, '持ち物更新確認', '2022-01-25 10:28:00', 1),
(696, 19, 'もち\n指定時間の持ち物確認', '2022-01-25 10:30:01', 1),
(698, 4, 'Alexa持ち物確認', '2022-01-25 11:24:02', 1),
(699, 19, '車のカギ\n持ち物確認', '2022-01-25 14:18:01', 1),
(700, 4, '弁当\n充電器\n持ち物確認', '2022-01-25 14:22:00', 1),
(701, 4, 'Alexa持ち物確認', '2022-01-25 14:32:55', 1),
(702, 19, '持ち物更新確認', '2022-01-25 14:36:00', 1),
(704, 9, '<img src=\"https://img.gifmagazine.net/gifmagazine/images/5210838/original.gif\">\n', '2022-01-25 19:00:00', 0),
(706, 7, '持ち物更新確認', '2022-01-25 21:00:01', 0),
(707, 1, '持ち物更新確認', '2022-01-25 23:00:00', 0),
(708, 9, '<img src=\"https://img.gifmagazine.net/gifmagazine/images/5210838/original.gif\">\n', '2022-01-26 05:00:00', 0),
(709, 1, '弁当\n持ち物確認', '2022-01-26 08:00:00', 1),
(711, 9, '持ち物更新確認', '2022-01-26 11:00:00', 1),
(713, 19, '車のカギ\n持ち物確認', '2022-01-26 14:18:00', 0),
(714, 9, '<img src=\"https://img.gifmagazine.net/gifmagazine/images/5210838/original.gif\">\n', '2022-01-27 05:00:00', 0),
(718, 7, '持ち物更新確認', '2022-01-27 21:00:01', 0),
(719, 7, '誕生日\nこどものこころ\n夢\n生きる理由\n昨日忘れたもの\n持ち物確認', '2022-01-28 04:50:00', 0),
(722, 4, '持ち物更新確認', '2022-01-28 13:00:00', 0),
(723, 19, '車のカギ\n持ち物確認', '2022-01-28 14:18:00', 0),
(724, 4, '弁当\n持ち物確認', '2022-01-28 14:22:00', 0),
(725, 19, '持ち物更新確認', '2022-01-28 14:36:00', 0),
(727, 7, '持ち物更新確認', '2022-01-28 21:00:00', 0),
(728, 7, '誕生日\nこどものこころ\n夢\n生きる理由\n昨日忘れたもの\n持ち物確認', '2022-01-29 04:50:00', 0),
(731, 4, '持ち物更新確認', '2022-01-29 13:00:00', 0),
(732, 4, '弁当\n持ち物確認', '2022-01-29 14:22:00', 0),
(734, 7, '持ち物更新確認', '2022-01-29 21:00:00', 0),
(735, 7, '誕生日\nこどものこころ\n夢\n生きる理由\n昨日忘れたもの\n持ち物確認', '2022-01-30 04:50:00', 0),
(739, 7, '持ち物更新確認', '2022-01-30 21:00:01', 0),
(740, 7, '誕生日\nこどものこころ\n夢\n生きる理由\n昨日忘れたもの\n持ち物確認', '2022-01-31 04:50:00', 0),
(743, 4, '持ち物更新確認', '2022-01-31 13:00:00', 0),
(744, 19, '車のカギ\n持ち物確認', '2022-01-31 14:18:00', 0),
(745, 4, '弁当\n充電器\n持ち物確認', '2022-01-31 14:22:00', 0),
(746, 19, '持ち物更新確認', '2022-01-31 14:36:00', 0),
(748, 7, '誕生日\nこどものこころ\n夢\n生きる理由\n昨日忘れたもの\n持ち物確認', '2022-02-01 05:50:00', 0),
(750, 7, '持ち物更新確認', '2022-02-01 09:00:00', 0),
(752, 4, '持ち物更新確認', '2022-02-01 13:00:00', 0),
(753, 19, '車のカギ\n持ち物確認', '2022-02-01 14:18:00', 0),
(754, 4, '弁当\n充電器\n持ち物確認', '2022-02-01 14:22:00', 0),
(755, 19, '持ち物更新確認', '2022-02-01 14:36:00', 0),
(757, 7, '誕生日\nこどものこころ\n夢\n生きる理由\n昨日忘れたもの\n持ち物確認', '2022-02-02 05:50:01', 0),
(758, 23, '弁当\n指定時間の持ち物確認', '2022-02-02 08:30:01', 1),
(759, 7, '持ち物更新確認', '2022-02-02 09:00:00', 0);

-- --------------------------------------------------------

--
-- テーブルの構造 `user`
--

CREATE TABLE `user` (
  `id` int(10) UNSIGNED NOT NULL,
  `name` varchar(20) DEFAULT NULL,
  `LINE_id` varchar(40) DEFAULT NULL,
  `Alexa_id` varchar(130) DEFAULT NULL,
  `notice_time` time DEFAULT NULL,
  `return_time` time DEFAULT NULL,
  `check_time` time DEFAULT NULL,
  `Alexa_check` tinyint(1) NOT NULL DEFAULT '0'
) ENGINE=InnoDB DEFAULT CHARSET=utf8mb4;

--
-- テーブルのデータのダンプ `user`
--

INSERT INTO `user` (`id`, `name`, `LINE_id`, `Alexa_id`, `notice_time`, `return_time`, `check_time`, `Alexa_check`) VALUES
(1, 'besu', 'U35c186c6421462f401c0145b5ba42b7c', NULL, '08:00:00', NULL, '23:00:00', 0),
(4, '拓哉', 'Ucb132784437b29ef408647b7c01ef10e', 'amzn1.ask.person.ALVQI5F6NHYHCSPHCGSGZIMK2WY2PRSR4G6NVYYEKF7DXKPJDBVWGSUGFN4IQLUJP3TJJ6ZZVBBTYYPFWRGBX7M7MJJJFIYJDPNJXS6A', '14:22:00', NULL, '13:00:00', 0),
(5, NULL, 'Ubbc615afcf9bbfbe6241459b819dfa4e', NULL, NULL, NULL, NULL, 0),
(6, NULL, 'U6041016908f1817f0a23548b7d4782d0', NULL, NULL, NULL, NULL, 0),
(7, NULL, 'U335a52e4455bb07e03d2f7b75e732350', NULL, '05:50:00', NULL, '09:00:00', 0),
(9, '持ち物', 'U2f85fcd18f0d039323dbbcb818924d2f', NULL, '09:00:00', '07:00:00', '08:00:00', 0),
(13, NULL, 'U66091f367f8443403085d345673f2a98', NULL, NULL, NULL, NULL, 0),
(14, NULL, 'U6c5c4526913fe8bb90d55e7330d654d2', NULL, NULL, NULL, NULL, 0),
(15, NULL, 'Ufef10ef7a0264bd26882c3a275ac190b', NULL, NULL, NULL, NULL, 0),
(16, NULL, 'U30407988726653343d4d9cbcf3f283bb', NULL, NULL, NULL, NULL, 0),
(18, NULL, 'U590d2a0c98c5f4c55a6af5f87a221dd0', NULL, NULL, NULL, NULL, 0),
(19, '薫', 'U9ffa83f1466cb4f5e55de155ee1f7807', NULL, '14:18:00', NULL, '14:35:00', 0),
(20, NULL, 'Ub4e787bc29d83f388ff76dc40b2cd8e9', NULL, NULL, NULL, NULL, 0),
(21, NULL, 'Ud5ba4a10ecf8141ecf226df9cbec089c', NULL, NULL, NULL, NULL, 0),
(23, NULL, 'Uc7158b3018db7ec33cc278695d1b0bda', NULL, '08:30:00', '17:00:00', '22:00:00', 0),
(24, '藤田', 'U43517a49827f48aa536605783e741d59', NULL, NULL, NULL, NULL, 0),
(26, NULL, 'Ud71cd8c65a56c98e024e01f33812d417', NULL, NULL, NULL, NULL, 0),
(27, NULL, 'U74b1bb92977006a11fe75342004d4fa1', NULL, NULL, NULL, NULL, 0);

-- --------------------------------------------------------

--
-- テーブルの構造 `user_item`
--

CREATE TABLE `user_item` (
  `user_id` int(10) UNSIGNED NOT NULL,
  `item_id` int(10) UNSIGNED NOT NULL,
  `days` varchar(40) DEFAULT NULL,
  `notice_datetime` datetime DEFAULT NULL,
  `weekdays` int(3) DEFAULT NULL
) ENGINE=InnoDB DEFAULT CHARSET=utf8mb4;

--
-- テーブルのデータのダンプ `user_item`
--

INSERT INTO `user_item` (`user_id`, `item_id`, `days`, `notice_datetime`, `weekdays`) VALUES
(1, 3, NULL, '2022-01-25 11:13:00', NULL),
(4, 1, 'montuewedthufrisat', NULL, 126),
(4, 8, 'montue', NULL, 6),
(4, 19, NULL, '2021-11-08 11:00:00', NULL),
(5, 3, NULL, '2021-10-25 17:20:00', NULL),
(7, 10, 'sunmontuewedthufrisat', '2022-02-11 11:44:00', NULL),
(7, 11, 'ALL', NULL, 127),
(7, 14, 'ALL', NULL, 127),
(7, 15, 'ALL', NULL, 127),
(7, 16, 'ALL', NULL, 4),
(9, 118, NULL, NULL, 64),
(9, 119, NULL, NULL, 64),
(9, 121, NULL, NULL, 32),
(9, 125, NULL, NULL, 127),
(9, 127, NULL, NULL, 77),
(9, 130, NULL, NULL, 62),
(9, 132, NULL, NULL, 65),
(15, 1, 'ALL', NULL, 127),
(19, 7, 'montuewedthufri', NULL, 62),
(19, 38, NULL, '2022-01-25 10:30:00', NULL),
(20, 71, '112', NULL, 112),
(20, 102, NULL, '2022-01-05 19:29:00', NULL),
(20, 116, NULL, NULL, 8),
(20, 126, NULL, NULL, 28),
(23, 1, NULL, '2022-02-02 08:30:00', NULL),
(23, 136, NULL, '2022-02-03 08:00:00', NULL);

--
-- ダンプしたテーブルのインデックス
--

--
-- テーブルのインデックス `alexa_control`
--
ALTER TABLE `alexa_control`
  ADD PRIMARY KEY (`user_id`);

--
-- テーブルのインデックス `alexa_coop`
--
ALTER TABLE `alexa_coop`
  ADD PRIMARY KEY (`user_id`),
  ADD UNIQUE KEY `pass_id` (`pass_id`);

--
-- テーブルのインデックス `comment`
--
ALTER TABLE `comment`
  ADD PRIMARY KEY (`from_id`,`to_id`,`family_id`) USING BTREE;

--
-- テーブルのインデックス `family`
--
ALTER TABLE `family`
  ADD PRIMARY KEY (`id`) USING BTREE,
  ADD UNIQUE KEY `pass` (`pass`);

--
-- テーブルのインデックス `family_user`
--
ALTER TABLE `family_user`
  ADD PRIMARY KEY (`family_id`,`user_id`);

--
-- テーブルのインデックス `item`
--
ALTER TABLE `item`
  ADD PRIMARY KEY (`id`);

--
-- テーブルのインデックス `location`
--
ALTER TABLE `location`
  ADD PRIMARY KEY (`id`);

--
-- テーブルのインデックス `raspberrypi_cooperation`
--
ALTER TABLE `raspberrypi_cooperation`
  ADD PRIMARY KEY (`RaspberryPi_id`),
  ADD UNIQUE KEY `user_id` (`user_id`);

--
-- テーブルのインデックス `send_log`
--
ALTER TABLE `send_log`
  ADD PRIMARY KEY (`id`);

--
-- テーブルのインデックス `user`
--
ALTER TABLE `user`
  ADD PRIMARY KEY (`id`),
  ADD KEY `LINE_id` (`LINE_id`) USING BTREE,
  ADD KEY `Alexa_id` (`Alexa_id`) USING BTREE;

--
-- テーブルのインデックス `user_item`
--
ALTER TABLE `user_item`
  ADD PRIMARY KEY (`user_id`,`item_id`),
  ADD KEY `item_id` (`item_id`);

--
-- ダンプしたテーブルのAUTO_INCREMENT
--

--
-- テーブルのAUTO_INCREMENT `raspberrypi_cooperation`
--
ALTER TABLE `raspberrypi_cooperation`
  MODIFY `RaspberryPi_id` int(100) NOT NULL AUTO_INCREMENT, AUTO_INCREMENT=10;

--
-- テーブルのAUTO_INCREMENT `send_log`
--
ALTER TABLE `send_log`
  MODIFY `id` int(11) NOT NULL AUTO_INCREMENT, AUTO_INCREMENT=760;

--
-- ダンプしたテーブルの制約
--

--
-- テーブルの制約 `user_item`
--
ALTER TABLE `user_item`
  ADD CONSTRAINT `user_item_ibfk_1` FOREIGN KEY (`user_id`) REFERENCES `user` (`id`),
  ADD CONSTRAINT `user_item_ibfk_2` FOREIGN KEY (`item_id`) REFERENCES `item` (`id`);
COMMIT;

/*!40101 SET CHARACTER_SET_CLIENT=@OLD_CHARACTER_SET_CLIENT */;
/*!40101 SET CHARACTER_SET_RESULTS=@OLD_CHARACTER_SET_RESULTS */;
/*!40101 SET COLLATION_CONNECTION=@OLD_COLLATION_CONNECTION */;
